pc1	pc2	#SNP	iid	pop	c
-0.0069737432573641	-0.0069035038471689	112668	HG01500.HO	Spanish	red
-0.0088792421923495	-0.0070124355656614	112671	HG01501.HO	Spanish	red
-0.0093755501504324	-0.0085060635338226	112588	HG01503.HO	Spanish	red
-0.0118524258244419	-0.0103743336043802	112710	HG01504.HO	Spanish	red
-0.0057344959459746	-0.0092278296768753	112723	HG01506.HO	Spanish	red
-0.0091518989004778	-0.0075184083997531	112751	HG01507.HO	Spanish	red
-0.0083668875694835	-0.0084079791746445	112671	HG01509.HO	Spanish	red
-0.0088004741558818	-0.0070951770524618	112607	HG01510.HO	Spanish	red
-0.0049495115539693	-0.0085003412072128	112714	HG01512.HO	Spanish	red
-0.0049837814610909	-0.008936840150767	112643	HG01513.HO	Spanish	red
-0.0060876610594338	-0.0100520773671091	112582	HG01515.HO	Spanish_North	red
-0.0058182139852032	-0.0111382194034743	112684	HG01516.HO	Spanish_North	red
-0.0047732938486271	-0.0100718846995932	112603	HG01518.HO	Spanish_North	red
-0.0100199389352977	-0.0084225672531181	112556	HG01524.HO	Spanish	red
-0.0094049268474733	-0.0081511444854627	112614	HG01527.HO	Spanish	red
-0.0087909565042933	-0.011410297274292	112733	HG01528.HO	Spanish	red
-0.0064663033091336	-0.0049307070799435	112747	HG01530.HO	Spanish	red
-0.0087210890849231	-0.0061889636532256	112675	HG01536.HO	Spanish	red
-0.0095899635979851	-0.0070605116555567	112746	HG01537.HO	Spanish	red
-0.0062034773628197	-0.0109895447462933	112702	HG01605.HO	Spanish	red
-0.0080634787365422	-0.0085566016740037	112657	HG01606.HO	Spanish	red
-0.0117287525115198	-0.0065435929416937	112607	HG01607.HO	Spanish	red
-0.0087442275219255	-0.0061874764926248	112728	HG01608.HO	Spanish	red
-0.009713221539732	-0.0097106798834299	112713	HG01613.HO	Spanish	red
-0.0058034994657843	-0.0083044786656169	112748	HG01615.HO	Spanish	red
-0.0111639617135906	-0.0075156217699267	112765	HG01617.HO	Spanish	red
-0.0066963696014378	-0.0095670876163881	112724	HG01618.HO	Spanish	red
-0.0088456176201719	-0.0059921399482128	112774	HG01619.HO	Spanish	red
-0.0101131427388254	-0.0070881493803336	112768	HG01620.HO	Spanish	red
-0.0124491006206749	-0.0078396221037577	112717	HG01623.HO	Spanish	red
-0.0087125514395442	-0.0088747980134396	112713	HG01624.HO	Spanish	red
-0.0088015997574231	-0.007541113654182	112703	HG01625.HO	Spanish	red
-0.0120926353216895	-0.0071998054348153	112680	HG01626.HO	Spanish	red
-0.0108412238606828	-0.005343012923612	112626	HG01630.HO	Spanish	red
-0.008837368983673	-0.0097599557389657	112659	HG01747.HO	Spanish	red
-0.0076404118011989	-0.0086814037691381	112686	HG01746.HO	Spanish	red
-0.0094416217034456	-0.0101159467814309	112639	HG01675.HO	Spanish	red
-0.0115931435334253	-0.0082995055091795	112733	HG01680.HO	Spanish	red
-0.0085437313889935	-0.0064183637919162	112786	HG01682.HO	Spanish	red
-0.005136076376374	-0.013203687599008	112745	HG01700.HO	Spanish_North	red
-0.0086229416569781	-0.0117321279070834	112687	HG01679.HO	Spanish	red
-0.0063731830319254	-0.00995163837718	112744	HG01702.HO	Spanish_North	red
-0.0092637837330968	-0.0107569054969438	112715	HG01676.HO	Spanish	red
-0.0063639211196582	-0.0098297525777802	112742	HG01684.HO	Spanish	red
-0.0083549344967734	-0.0075276865411053	112729	HG01705.HO	Spanish	red
-0.0070581209173086	-0.0072205017761638	112711	HG01707.HO	Spanish	red
-0.0067952620739143	-0.005326787480815	112689	HG01685.HO	Spanish	red
-0.0052661568067357	-0.0113316229586486	112685	HG01686.HO	Spanish	red
-0.0096891487691249	-0.0067047657376244	112635	HG01704.HO	Spanish	red
-0.0058648520710713	-0.0083727129269406	112750	HG01673.HO	Spanish	red
-0.0125223086613549	-0.0122246156429558	112780	HG01761.HO	Spanish	red
-0.0058126292216878	-0.0107282014763673	112725	HG01770.HO	Spanish	red
-0.0054344469610303	-0.0122528190298133	112693	HG01762.HO	Spanish	red
-0.0076227129832933	-0.012336384532306	112724	HG01773.HO	Spanish	red
-0.0076461640664581	-0.0066650277899406	112680	HG02220.HO	Spanish	red
-0.0057008635523004	-0.0081062768556429	112726	HG02238.HO	Spanish	red
-0.007309950782437	-0.0100693591267382	112751	HG01678.HO	Spanish	red
-0.0082898589214556	-0.0090884231823942	112745	HG01699.HO	Spanish	red
-0.0135300413044968	-0.0087307418506672	112747	HG01697.HO	Spanish	red
-0.0090578156578491	-0.0086560098225889	110077	ALB126.HO	Spanish	red
-0.0076686255616945	-0.0084832271342461	109531	ALB231.HO	Spanish	red
-0.0085527325297092	-0.007475524941296	109821	ALB389.HO	Spanish	red
-0.0082122941571475	-0.0051074060534444	108666	ALE005.HO	Spanish	red
-0.0075198315547669	-0.0121244936873974	109900	ALE009.HO	Spanish	red
-0.0051763588202816	-0.0102898508363559	110216	ALE088.HO	Spanish	red
-0.0071035566786325	-0.0082940331911789	110120	ALE339.HO	Spanish	red
-0.0102747371987419	-0.0112030236784977	109953	ARM005.HO	Spanish	red
-0.0085082136841498	-0.0095870087043251	109105	BON076.HO	Spanish	red
-0.0077321461100493	-0.0089881997772762	109683	BOS010.HO	Spanish	red
-0.0076198479398357	-0.0100587359016125	110103	BOS011.HO	Spanish	red
-0.0056725991412174	-0.0084283726157293	110187	BOS015.HO	Spanish	red
-0.0109472481507057	-0.0098964398241658	109111	BOS027.HO	Spanish	red
-0.008401612517472	-0.0112319252164974	109975	BOS029.HO	Spanish	red
-0.008081981468302	-0.0108139167530272	110232	CAL026.HO	Spanish	red
-0.0104616449405376	-0.0138555908658646	109820	CAL053.HO	Spanish	red
-0.0072955384838922	-0.011001815004469	110257	CAL107.HO	Spanish	red
-0.0088868923735607	-0.0085327626000022	110265	CAR007.HO	Spanish	red
-0.0046562071469217	-0.0048129796392075	110276	CAR016.HO	Spanish	red
-0.0069239908929519	-0.0069318581033623	110276	CAR023.HO	Spanish	red
-0.0056312231933232	-0.0113749332169943	110277	CAR048.HO	Spanish	red
-0.009895964864578	-0.0085746779882145	110263	CAR200.HO	Spanish	red
-0.010751770183157	-0.0071093421968881	110236	CAR212.HO	Spanish	red
-0.0082431211389878	-0.0073464434920057	110246	CAR256.HO	Spanish	red
-0.0100220087106011	-0.0072467538858702	110235	CAR257.HO	Spanish	red
-0.0017111281009414	-0.0091745166956316	109950	COD068.HO	Spanish	red
-0.006268300566802	-0.0066981638376338	110116	COD147.HO	Spanish	red
-0.010401577874575	-0.010124170662998	110251	COM032.HO	Spanish	red
-0.0041410698093285	-0.0088224434667165	110232	DAN072.HO	Spanish	red
-0.007756735356177	-0.0082778560763929	110175	EST038.HO	Spanish	red
-0.005323840123366	-0.0101290583628882	110234	EST093.HO	Spanish	red
-0.0072482996248707	-0.0043897048466741	110233	FER007.HO	Spanish	red
-0.007136202041999	-0.0102594698766179	109523	FER015.HO	Spanish	red
-0.0119364128104732	-0.0084041996820877	107948	FER023.HO	Spanish	red
-0.0093889063985422	-0.0081408300071534	110228	FER033.HO	Spanish	red
-0.0075710294941948	-0.0087861067016508	107906	FER039.HO	Spanish	red
-0.0089131918771117	-0.0081697893311055	110246	FER052.HO	Spanish	red
-0.0083721839388243	-0.006346073459185	109971	FER054.HO	Spanish	red
-0.0056938746664672	-0.0051133144745417	110095	FER097.HO	Spanish	red
-0.0090543868436149	-0.0086277419756171	109386	FER101.HO	Spanish	red
-0.0084560284984005	-0.0115998815628465	109948	FOR066.HO	Spanish	red
-0.0063004737716853	-0.0058147866927938	110223	FOR067.HO	Spanish	red
-0.0119946764949599	-0.0092984837052674	108998	FOR094.HO	Spanish	red
-0.0034853635168899	-0.0067104621241009	109179	GRA011.HO	Spanish	red
-0.0077815657171156	-0.0069759330854282	110194	GRA016.HO	Spanish	red
-0.0088247678833413	-0.0081182689287258	109946	GRA020.HO	Spanish	red
-0.0078114692083597	-0.0087159239469692	110230	GRA029.HO	Spanish	red
-0.00900837344852	-0.0066809259445055	109927	GRA035.HO	Spanish	red
-0.0060281938051621	-0.0094072366718185	110274	GRA135.HO	Spanish	red
-0.007659130268565	-0.0079209932169016	110267	GUL190.HO	Spanish	red
-0.005417177341227	-0.0096747613412749	110264	GUS007.HO	Spanish	red
-0.0106972876825142	-0.0068636011625045	110289	GUS008.HO	Spanish	red
-0.0076176289753155	-0.0066849482304347	110108	GUS014.HO	Spanish	red
-0.0086138678000967	-0.0097325311957558	110250	GUS029.HO	Spanish	red
-0.0108890994111159	-0.0085747549655724	110262	GUS036.HO	Spanish	red
-0.0082490857446427	-0.0096742429848246	110263	GUS040.HO	Spanish	red
-0.0038297100205284	-0.0089515967688482	110258	GUS119.HO	Spanish	red
-0.0049595652691218	-0.0102495422774796	109713	GUS199.HO	Spanish	red
-0.0080493443454669	-0.0087977544183582	109850	GUS202.HO	Spanish	red
-0.0101788471577473	-0.0107956830021449	109696	GUS203.HO	Spanish	red
-0.0064161719542297	-0.0086919343704464	107931	MAS003.HO	Spanish	red
-0.0096135548525534	-0.0063947571938565	109846	MAS016.HO	Spanish	red
-0.0087708008316226	-0.0090932648504	109878	MAS064.HO	Spanish	red
-0.0082338319286154	-0.0094377618987157	110217	MAY035.HO	Spanish	red
-0.0059723168381337	-0.0045737419435922	109147	MEL022.HO	Spanish	red
-0.002054498238291	-0.0098983448387933	110273	MIQ133.HO	Spanish	red
-0.0072737448666441	-0.0102631975934099	109858	MOR061.HO	Spanish	red
-0.0025816164060566	-0.008683151285112	110258	MOR068.HO	Spanish	red
-0.0032700866326154	-0.0078051006050144	110264	MST073.HO	Spanish	red
-0.0067965378744241	-0.0063246757663723	110257	MST075.HO	Spanish	red
-0.0056294726556064	-0.008875750196017	109236	NAC135.HO	Spanish	red
-0.0068770709595588	-0.0090395218955917	110293	PIT001.HO	Spanish	red
-0.007200826317472	-0.0064040707980658	110088	PON058.HO	Spanish	red
-0.0077891657822984	-0.0101058063067761	110227	RAG111.HO	Spanish	red
-0.0094536477942732	-0.0105123683068933	109865	REI087.HO	Spanish	red
-0.0066407239418928	-0.009781876952097	110239	RIC076.HO	Spanish	red
-0.0096499581641108	-0.0030324363946928	110180	RIC106.HO	Spanish	red
-0.0058118636802141	-0.0086006254956546	109997	ROB016.HO	Spanish	red
-0.0086860760177625	-0.0093218961175627	108725	ROB116.HO	Spanish	red
-0.0080487639584365	-0.0057876382944	110144	ROB127.HO	Spanish	red
-0.0098023699837053	-0.006600133018748	109927	ROI027.HO	Spanish	red
-0.0061689225062875	-0.006613176440668	110103	ROI042.HO	Spanish	red
-0.0094877866957441	-0.0071275683203517	109547	ROI096.HO	Spanish	red
-0.0071857672320771	-0.0100140020674446	110012	ROS008.HO	Spanish	red
-0.0097258587595715	-0.0091196749726487	110108	ROS025.HO	Spanish	red
-0.0082712594999066	-0.0062936221636778	109074	SAB009.HO	Spanish	red
-0.0073240580091562	-0.0096355192557912	110092	SAB014.HO	Spanish	red
-0.01164007746576	-0.0089785762338115	110249	SAB019.HO	Spanish	red
-0.0095579987519433	-0.0128916108871794	110149	SAB131.HO	Spanish	red
-0.0050784229552287	-0.0117776751764202	109848	SAB137.HO	Spanish	red
-0.0016137138370172	-0.0052015539278942	109103	SER011.HO	Spanish	red
-0.0063073437615109	-0.006212894846711	109675	SER015.HO	Spanish	red
-0.0049952638987001	-0.0094760087589786	109187	SER018.HO	Spanish	red
-0.0068801522918468	-0.0106894850409256	109582	SER022.HO	Spanish	red
-0.0105923715925067	-0.0068860052554195	110265	SER027.HO	Spanish	red
-0.0087304856654505	-0.0054401251081244	109698	SER064.HO	Spanish	red
-0.0085662354235561	-0.009986905079972	110271	SLA017.HO	Spanish	red
-0.007750378747865	-0.0041168252766859	109222	SLM078.HO	Spanish	red
-0.0082581915332825	-0.0077391628999128	109948	SOL051.HO	Spanish	red
-0.0062784199523635	-0.0048278875289806	110224	SOL053.HO	Spanish	red
-0.0086854224359905	-0.0106233859584763	110108	SOL083.HO	Spanish	red
-0.0110526394954402	-0.0077267375419216	108954	SOL084.HO	Spanish	red
-0.0070707749353313	-0.0066261970428395	110200	STC091.HO	Spanish	red
-0.008397364172899	-0.0064451098384922	110030	VID003.HO	Spanish	red
-0.008173646868709	-0.0099924022295988	109443	VID014.HO	Spanish	red
-0.0058314095577062	-0.006173385946051	110270	VID016.HO	Spanish	red
-0.0104972802661659	-0.0078549731080646	110226	VID037.HO	Spanish	red
-0.0102572303316583	-0.0091167146920955	110071	VID044.HO	Spanish	red
-0.0076875560523627	-0.0097554777056968	109468	VID048.HO	Spanish	red
-0.0056691785280608	-0.0094502160308666	110225	VID057.HO	Spanish	red
-0.0055990352096196	-0.0073711763575465	108871	EIV009_2.HO	Spanish	red
-0.0073787853988722	-0.0065361194528052	109753	EIV010_2.HO	Spanish	red
-0.0090235909103491	-0.006547559065038	109831	EIV011_2.HO	Spanish	red
-0.0101602135626171	-0.0058571041795284	110249	EIV001_2.HO	Spanish	red
-0.0081429557620216	-0.0071111680733601	110229	EIV004_2.HO	Spanish	red
-0.0083887549366908	-0.0102631295612635	110118	EIV012_2.HO	Spanish	red
-0.0081699366600637	-0.0086640645379671	110009	EIV013_2.HO	Spanish	red
-0.0079493248311513	-0.0085156474555457	110149	EIV014_2.HO	Spanish	red
-0.0090977811636285	-0.0086455671767668	110095	EIV015_2.HO	Spanish	red
-0.0072560967070339	-0.012243817491832	112782	HGDP01357.HO	Basque	maroon
-0.0081484419377013	-0.0132682852906926	112487	HGDP01358.HO	Basque	maroon
-0.0042343699672803	-0.0120677255144284	111759	HGDP01359.HO	Basque	maroon
-0.005735114137683	-0.0106854904909448	112507	HGDP01360.HO	Basque	maroon
-0.00440758061993	-0.012942790125333	112773	HGDP01362.HO	Basque	maroon
-0.0083793399290612	-0.0111384274499066	112461	HGDP01363.HO	Basque	maroon
-0.0080389406689592	-0.0083627975165664	112408	HGDP01364.HO	Basque	maroon
-0.0048543206513056	-0.0123385746929664	112422	HGDP01365.HO	Basque	maroon
-0.0070024774673499	-0.0116847007470092	112507	HGDP01366.HO	Basque	maroon
-0.006089561719393	-0.011096706256939	112709	HGDP01367.HO	Basque	maroon
-0.0045621685194721	-0.0113379871774283	112666	HGDP01368.HO	Basque	maroon
-0.0077380895614982	-0.0095408069122706	111191	HGDP01369.HO	Basque	maroon
-0.0045296031668089	-0.0109665981378162	112351	HGDP01370.HO	Basque	maroon
-0.0070908052585043	-0.0120180593656317	111667	HGDP01371.HO	Basque	maroon
-0.0068570723960001	-0.0110867624403484	112242	HGDP01372.HO	Basque	maroon
-0.0064886121463099	-0.0148303618117599	111617	HGDP01373.HO	Basque	maroon
-0.0040817198356632	-0.0107943507975745	112593	HGDP01374.HO	Basque	maroon
-0.0117067218118289	-0.0090877578964222	112632	HGDP01375.HO	Basque	maroon
-0.0045105104982793	-0.010527562206093	112070	HGDP01377.HO	Basque	maroon
-0.0037508839235788	-0.0141652058593078	112668	HGDP01378.HO	Basque	maroon
-0.0069817593458757	-0.0147995671107983	111505	HGDP01379.HO	Basque	maroon
-0.0078602171406102	-0.0121165753598332	112572	HGDP01380.HO	Basque	maroon
-0.0044212948125072	-0.0129770757692188	112156	BAS35.HO	Basque	maroon
-0.0074758577257853	-0.0135743697537096	112470	BAS31.HO	Basque	maroon
-0.0060528018107167	-0.0104488809431993	112484	BAS22.HO	Basque	maroon
-0.00747424383184	-0.0102619760625835	112499	BAS25.HO	Basque	maroon
-0.0090832004511589	-0.0124906536266507	112555	BAS32.HO	Basque	maroon
-0.0052224810011032	-0.0139349414681244	112644	BAS30.HO	Basque	maroon
-0.0075165041625841	-0.0128346369938032	112670	BAS29.HO	Basque	maroon
-0.0053284165575737	-0.0066322885976316	112715	BAS28.HO	Basque	maroon
-0.0073720217312403	-0.0131459963440701	112716	BAS27.HO	Basque	maroon
-0.0080127641020292	-0.0097436193586479	112735	BAS33.HO	Basque	maroon
-0.0007088630400445	-0.0086675546671203	112758	HGDP00511.HO	French	yellow
0.000237881142744	-0.0079330491498698	112612	HGDP00512.HO	French	yellow
-0.0007329716405916	-0.0074166117568968	112675	HGDP00513.HO	French	yellow
-0.0012368885169136	-0.0092785921143117	112287	HGDP00514.HO	French	yellow
-0.0004458028162477	-0.009951696543098	112713	HGDP00515.HO	French	yellow
-0.0020049042850449	-0.0054376140847011	112587	HGDP00516.HO	French	yellow
-0.0013083325548616	-0.0039013005450659	112555	HGDP00517.HO	French	yellow
0.0033712670372109	-0.0107640016175818	112664	HGDP00518.HO	French	yellow
0.0048426367814756	-0.0112445840865599	112739	HGDP00519.HO	French	yellow
-0.0033058545636212	-0.0084301327226096	112247	HGDP00520.HO	French	yellow
0.003964503029407	-0.0077903963511981	112653	HGDP00522.HO	French	yellow
0.0001707277265121	-0.008474700141502	112395	HGDP00523.HO	French	yellow
-0.0087486139859729	-0.0078078497552803	112322	HGDP00524.HO	French	yellow
-0.0023784438312324	-0.0108507319275937	112678	HGDP00525.HO	French	yellow
-0.0020073519153547	-0.0081259052236868	112731	HGDP00526.HO	French	yellow
0.0004427777033366	-0.0058697269975304	112499	HGDP00527.HO	French	yellow
0.0042273301823646	-0.0079716034324423	112186	HGDP00528.HO	French	yellow
-0.0029813147772226	-0.0049940024158341	111640	HGDP00529.HO	French	yellow
-0.0033845671193599	-0.0078284307621716	111884	HGDP00531.HO	French	yellow
0.0063740372000252	-0.0104929335102407	112746	HGDP00533.HO	French	yellow
-0.0002308550238403	-0.0074853117377996	111328	HGDP00534.HO	French	yellow
0.0029243276708377	-0.011741982492445	112578	HGDP00535.HO	French	yellow
-0.0079220464997062	-0.0056081792901957	111159	HGDP00536.HO	French	yellow
-0.0014633168845856	-0.0091631385557069	112493	HGDP00537.HO	French	yellow
-0.0010400918757794	-0.0076862373980744	112787	HGDP00538.HO	French	yellow
-0.0045412967829558	-0.0081961596224921	111633	HGDP00539.HO	French	yellow
-0.0068690590517522	-0.009516513307572	112455	SouthFrench3326.HO	French	yellow
-0.0050453417449617	-0.0101241300610399	112544	SouthFrench3947.HO	French	yellow
-0.0036568046854857	-0.009346299357061	112467	SouthFrench1323.HO	French	yellow
-0.0054485760116822	-0.0092095876949012	112545	SouthFrench3951.HO	French	yellow
-0.0048000706629911	-0.0101358766358974	112611	SouthFrench3068.HO	French	yellow
-0.0062960724152384	-0.0109470162540265	112656	SouthFrench1112.HO	French	yellow
-0.003594748592716	-0.011993834609085	112704	SouthFrench4018.HO	French	yellow
0.0047798681378291	-0.0135566822547436	111370	French23812.HO	French	yellow
0.0021832228459106	-0.0086188442200304	112218	French23814.HO	French	yellow
-0.0025245141002853	-0.0060826252964009	112116	French23821.HO	French	yellow
0.0031375847054632	-0.0105490676389259	112078	French23830.HO	French	yellow
0.0044958019592938	-0.0119622454699034	112077	French23833.HO	French	yellow
0.0020924072224957	-0.008971274118864	111843	French23862.HO	French	yellow
0.0012353150190973	-0.0077950757799633	111790	French23915.HO	French	yellow
-0.0047118112667615	-0.008384728671695	111581	French23919.HO	French	yellow
-0.004161860284865	-0.0084230031602141	111684	French23952.HO	French	yellow
0.004612460442281	-0.0116063264722542	111231	French23989.HO	French	yellow
0.0012360474047119	-0.0142486936035295	112160	French24061.HO	French	yellow
-0.0021412089471117	-0.0079567605039654	111817	French24075.HO	French	yellow
-0.0012117449178337	-0.0059791593372706	112006	French24076.HO	French	yellow
0.0048274517500261	-0.0101672924089223	112217	French24090.HO	French	yellow
0.0004490730105942	-0.01275607475375	112011	French24118.HO	French	yellow
0.0056668862359908	-0.0085141362474968	111839	French24120.HO	French	yellow
-0.0012152799418111	-0.0054661499008851	111611	French24124.HO	French	yellow
0.00272127040216	-0.0069325755755258	109886	French24144.HO	French	yellow
-0.0015187741736216	-0.0099595085904836	112126	French24148.HO	French	yellow
0.0010882063312339	-0.0041835733355691	111405	French24178.HO	French	yellow
0.0061203807880621	-0.0150235817545797	112013	French24247.HO	French	yellow
0.003804877682499	-0.0101274101268984	112082	French24381.HO	French	yellow
0.0075648230075378	-0.0128072560496004	112071	French24400.HO	French	yellow
0.0005519845625364	-0.0053505428009373	112008	French24408.HO	French	yellow
-0.0009401125228103	-0.0007268438399936	111139	French24433.HO	French	yellow
0.001277211596959	-0.006618897569804	112178	French24434.HO	French	yellow
0.0019349810070411	-0.0050097982102964	112186	French24437.HO	French	yellow
-0.0008287135823798	-0.0066280738540601	112003	French24690.HO	French	yellow
-8.460081488571382e-05	-0.0042454029694541	110257	French24817.HO	French	yellow
0.001243636492067	-0.0084455061804991	112181	French25068.HO	French	yellow
-0.0084776084310893	-0.0056629109890017	112708	HGDP01147.HO	Italian_North	orange
-0.009096869356281	-0.0037238536119156	112605	HGDP01149.HO	Italian_North	orange
-0.0129874902593826	-0.0067486321093182	112574	HGDP01151.HO	Italian_North	orange
-0.0104694454654646	-0.0071430774458928	111903	HGDP01152.HO	Italian_North	orange
-0.011732436639502	-0.0036684428607603	112747	HGDP01153.HO	Italian_North	orange
-0.0142132839545532	-0.0041715708325167	112685	HGDP01155.HO	Italian_North	orange
-0.010978016872083	-0.0057583105083609	112734	HGDP01156.HO	Italian_North	orange
-0.0106676125169114	-0.0035912444885275	112678	HGDP01157.HO	Italian_North	orange
-0.0208925704720876	-0.0040999796695553	112639	HGDP01161.HO	Italian_North	orange
-0.0158450359785416	-0.0021729412713048	112761	HGDP01162.HO	Italian_North	orange
-0.0112835966503714	-0.0072703279167671	112684	HGDP01163.HO	Italian_North	orange
-0.0142621366111054	-0.0036525215655517	112583	HGDP01164.HO	Italian_North	orange
-0.0158919726973362	-0.0014900040426656	112683	HGDP01166.HO	Italian_North	orange
-0.0147944507024879	-0.002910524068374	112762	HGDP01167.HO	Italian_North	orange
-0.0132439839723599	-0.0029852124932946	112745	HGDP01168.HO	Italian_North	orange
-0.0154750920995603	-0.0028872157695266	112595	HGDP01169.HO	Italian_North	orange
-0.0126037957675585	-0.0071161587494086	112735	HGDP01171.HO	Italian_North	orange
-0.0122609976962013	-0.0046925614967216	112499	HGDP01172.HO	Italian_North	orange
-0.0104441809493383	-0.0085945196624383	112663	HGDP01173.HO	Italian_North	orange
-0.012419165671027	-0.0078119456152407	112601	HGDP01174.HO	Italian_North	orange
-0.0106221084138008	-0.0085916549511446	112775	HGDP01177.HO	Italian_North	orange
-0.0195886969136137	-0.0022679874968647	112191	TP08.HO	Sicilian	deeppink
-0.0177499181546737	0.0003600382563301	112391	SR23.HO	Sicilian	deeppink
-0.0205803385514932	-0.0016388233338894	112466	TP05.HO	Sicilian	deeppink
-0.0202916672413865	-1.7893289103464018e-05	112458	SR60.HO	Sicilian	deeppink
-0.0161411327838088	-0.0057020607406118	112525	TP06.HO	Sicilian	deeppink
-0.0154275624313181	-0.0016507429644848	112541	TP07.HO	Sicilian	deeppink
-0.0125114088702077	-0.0022556341638144	112551	TP04.HO	Sicilian	deeppink
-0.0159934468456922	-0.0018247833694119	112561	TP25.HO	Sicilian	deeppink
-0.0191944606480767	-0.0029608207474203	112585	SR48R.HO	Sicilian	deeppink
-0.0167897749504334	0.0009507416230096	112575	SR44.HO	Sicilian	deeppink
-0.0170628043867674	-0.0020200092112022	112568	SR64.HO	Sicilian	deeppink
-0.0226299220219051	-0.0070715434473594	112460	HGDP00666.HO	Sardinian	brown
-0.019031080762845	-0.0073519831868497	112636	HGDP00667.HO	Sardinian	brown
-0.0234928147893101	-0.0074479560498819	112704	HGDP00668.HO	Sardinian	brown
-0.021072046400768	-0.0090884111969856	112711	HGDP00669.HO	Sardinian	brown
-0.0263337696145705	-0.0087857598818286	112611	HGDP00670.HO	Sardinian	brown
-0.0203979045424775	-0.0100449311633612	112796	HGDP00671.HO	Sardinian	brown
-0.0228151305096184	-0.005345436422311	112550	HGDP00672.HO	Italian_Sardinian	brown
-0.0218070852126336	-0.0092942475281192	112620	HGDP00673.HO	Sardinian	brown
-0.021782506900139	-0.0059288886060259	112388	HGDP00674.HO	Sardinian	brown
-0.0201306280249233	-0.0085611108037354	112720	HGDP01062.HO	Italian_Sardinian	brown
-0.0178754008511394	-0.0073851997586344	112715	HGDP01063.HO	Sardinian	brown
-0.0220005287135129	-0.0116909923114945	112522	HGDP01064.HO	Sardinian	brown
-0.0244406285348671	-0.004631323265492	112756	HGDP01065.HO	Sardinian	brown
-0.0234470277310529	-0.0086925773067657	112804	HGDP01066.HO	Sardinian	brown
-0.0196525957045584	-0.0086274197822804	112251	HGDP01067.HO	Sardinian	brown
-0.0190555543861426	-0.0085483783571218	112558	HGDP01068.HO	Sardinian	brown
-0.0236866130283285	-0.0091436895831753	112634	HGDP01069.HO	Sardinian	brown
-0.0194596894284866	-0.0063790685666846	112524	HGDP01070.HO	Sardinian	brown
-0.0221543077609222	-0.0046525283280771	112211	HGDP01071.HO	Sardinian	brown
-0.0200064612119923	-0.0088438081484186	112525	HGDP01072.HO	Sardinian	brown
-0.0221915039829084	-0.009010581104048	112766	HGDP01073.HO	Sardinian	brown
-0.0242637727978304	-0.0054794738061954	112496	HGDP01074.HO	Sardinian	brown
-0.0215722500333086	-0.005272084581432	112689	HGDP01075.HO	Sardinian	brown
-0.0210291270448159	-0.0059181345385659	111852	HGDP01076.HO	Sardinian	brown
-0.0197685741952819	-0.0074557587022411	112794	HGDP01077.HO	Sardinian	brown
-0.0174947363076905	-0.0123865945282962	112028	HGDP01078.HO	Sardinian	brown
-0.0233746229592954	-0.0074390099548433	112789	HGDP01079.HO	Sardinian	brown
0.0107390177226307	0.004077269946509	112370	Rbgp-200.HO	Russian	blue
0.0087263783997059	0.0034204676147036	112103	Rbgp-201.HO	Russian	blue
0.0084738633085002	0.002234274166982	112309	Rbgp-203.HO	Russian	blue
0.0065448379738813	0.0023320852794047	112329	Rbgp-205.HO	Russian	blue
0.0102226027804219	0.0073129898278845	112385	Rkbo-12.HO	Russian	blue
0.0122964256613572	0.0050163623624379	112447	Rkbo-16.HO	Russian	blue
0.0117016906496035	0.004629320655494	112344	Rkbo-44.HO	Russian	blue
0.0073857811685872	0.005198655437411	112061	Rkbo-58.HO	Russian	blue
0.0093204403083504	0.0059585730699189	111804	Rksh-402.HO	Russian	blue
0.0072994936724807	0.0090811451969552	110454	Rksh-405.HO	Russian	blue
0.0107705626731051	0.0099551990912228	108878	Rksh-407.HO	Russian	blue
0.0076853406835846	0.0075882733234576	112161	Rksh-412.HO	Russian	blue
0.0079672077626665	0.0087023120223162	112312	Rkuch-03.HO	Russian	blue
0.0087161912585293	0.0059284131177397	112312	Rkuch-05.HO	Russian	blue
0.0066926196994312	0.0042059175073645	111839	Rkuch-53.HO	Russian	blue
0.0066544790660801	0.005989644654193	112376	Rkuch-58.HO	Russian	blue
0.0128880826610016	0.0068603408269123	112113	Rorl-102.HO	Russian	blue
0.0050131168862107	0.0070469039000477	111820	Rorl-110.HO	Russian	blue
0.0055972943553147	0.0063341870883532	112261	Rorl-114.HO	Russian	blue
0.0063300342641962	0.0060156231465436	111952	Rorl-155.HO	Russian	blue
0.009203539818125	0.0085807488022394	111930	Rps-002.HO	Russian	blue
0.009773990192826	0.0078123913433161	112108	Rps-004.HO	Russian	blue
0.0123088323739573	0.0091064392004423	111791	Rps-006.HO	Russian	blue
0.0118700814111407	0.0055062343876698	112446	Rps-012.HO	Russian	blue
0.0099035500578627	0.0085670965356929	110725	Rps-090.HO	Russian	blue
0.0090102797604673	0.0056910258713001	112264	Rps-091.HO	Russian	blue
0.0088662539997694	0.0065999405592219	112416	Rps-098.HO	Russian	blue
0.0054931401399667	0.0019604975053591	112116	Rrzm-08.HO	Russian	blue
0.0062584518873805	0.0059376893207714	109710	Rrzm-10.HO	Russian	blue
0.007504590919496	0.0117961394377447	112370	Rrzm-13.HO	Russian	blue
0.0076329750101819	0.0085432211606125	111078	Rrzm-16.HO	Russian	blue
0.0083294222303252	0.0058657225376493	112394	Rrzm-83.HO	Russian	blue
0.0106765197122259	0.0100118171068334	111893	Rrzs-3.HO	Russian	blue
0.0054054824015562	0.0052963126364351	112255	Rrzs-7.HO	Russian	blue
0.0090200257152115	0.0040450973802482	112341	Rrzs-11.HO	Russian	blue
0.0116277708270066	0.0070989588190549	112375	Rrzs-32.HO	Russian	blue
0.0066092340166559	0.0055649355331426	112408	Rrzs-58.HO	Russian	blue
0.0034681834452624	0.0045019167096897	112145	Rrzs-66.HO	Russian	blue
0.0111686424528513	0.0074803001337022	112160	Rrzs-88.HO	Russian	blue
0.0058109038117352	0.0042967499031001	111772	Rsm-103.HO	Russian	blue
0.0087465810675778	0.0069319548349951	112326	Rsm-109.HO	Russian	blue
0.0085255934730712	0.0049170053798924	112264	Rsm-166.HO	Russian	blue
0.0086336347205519	0.005355956374461	112216	Rsm-171.HO	Russian	blue
0.0078574321817887	0.010210463248326	112073	Rsm-176.HO	Russian	blue
0.0095436735190211	0.0077996432410585	111234	Rsm-179.HO	Russian	blue
0.0072905800190249	0.0093919196803106	112411	Rsm-181.HO	Russian	blue
0.0114779424173587	0.0079350599865356	111833	RYAR-173.HO	Russian	blue
0.0126463732987006	0.008340266546794	112345	RYAR-223.HO	Russian	blue
0.0097678811413059	0.0075529118272198	111967	RYAR-232.HO	Russian	blue
0.0112952318621171	0.0089406845258019	112745	HGDP00879.HO	Russian	blue
0.0140301450630726	0.0106834768358992	112780	HGDP00880.HO	Russian	blue
0.0143243667335035	0.0087873168441427	112753	HGDP00881.HO	Russian	blue
0.0136699498018769	0.012862436961085	112482	HGDP00882.HO	Russian	blue
0.0147018907988848	0.0106661348606492	112743	HGDP00883.HO	Russian	blue
0.0097971083440914	0.0085557225091763	112605	HGDP00884.HO	Russian	blue
0.0117139968575097	0.0054613430243823	110638	HGDP00887.HO	Russian	blue
0.010729789308316	0.0116547911522409	112478	HGDP00888.HO	Russian	blue
0.0108554387208312	0.01077077033647	112633	HGDP00889.HO	Russian	blue
0.0133646786671182	0.0094801854275471	112464	HGDP00890.HO	Russian	blue
0.0119095114054507	0.0093665196755644	112717	HGDP00891.HO	Russian	blue
0.0139150668245137	0.0126915725518689	112737	HGDP00892.HO	Russian	blue
0.0090470146888978	0.010667902137475	112727	HGDP00893.HO	Russian	blue
0.0123525567123135	0.0069968819453797	112448	HGDP00894.HO	Russian	blue
0.0111379000285168	0.0091925563766771	110992	HGDP00895.HO	Russian	blue
0.0138517376495017	0.0111019087706756	112767	HGDP00896.HO	Russian	blue
0.0112566460332968	0.0073021464520356	112639	HGDP00897.HO	Russian	blue
0.0138513378602125	0.009508060864309	112788	HGDP00898.HO	Russian	blue
0.0115040167804548	0.0129515446702539	112667	HGDP00899.HO	Russian	blue
0.0124173247325643	0.0075150115584953	112493	HGDP00900.HO	Russian	blue
0.0110751302046916	0.0118995716203268	112789	HGDP00901.HO	Russian	blue
0.0132218026414011	0.010009697833391	112724	HGDP00902.HO	Russian	blue
0.0117517546310007	0.0089373798983342	112532	HGDP00903.HO	Russian	blue
0.0207042122996466	0.0095285205973426	112619	HG00171.HO	Finnish	salmon
0.0161338044260354	0.004369252434653	112717	HG00174.HO	Finnish	salmon
0.0135850283732222	0.0067219017900492	112772	HG00190.HO	Finnish	salmon
0.0161031034064079	0.0126749381731622	112727	HG00266.HO	Finnish	salmon
0.0185824531920539	0.0103057574827461	112668	HG00183.HO	Finnish	salmon
0.0159409660329329	0.0116162374088353	112705	HG00173.HO	Finnish	salmon
0.016512314094848	0.008320699641599	112710	HG00182.HO	Finnish	salmon
0.0046484053835654	0.0011203644684779	112413	UKR-1283.HO	Ukrainian	pink
0.0069534043319726	0.0009249198460505	112457	UKR-1291.HO	Ukrainian	pink
0.0089188731397167	0.0052854400044225	112354	UKR-1292.HO	Ukrainian	pink
0.0088197546971341	0.0031125718956861	112520	UKR-1377.HO	Ukrainian	pink
0.0082695757488603	0.0084395274529349	112539	UkrBel618.HO	Ukrainian	pink
0.0037058636040277	0.0048390604031198	111197	UkrLv240.HO	Ukrainian	pink
0.0060005258422422	0.0077612784225922	112683	UkrBel620.HO	Ukrainian	pink
0.0079094446353954	0.008512165323685	112744	UkrBel622.HO	Ukrainian	pink
0.0043001706893037	0.0067306131091551	112666	UkrBel733.HO	Ukrainian	pink
0.0053590282490919	0.0122196569210921	112720	UkrBel736.HO	Ukrainian	pink
0.0068241473610358	0.0079647734915088	112603	UkrLv228.HO	Ukrainian	pink
0.0068954070610365	0.006835679751731	112371	UkrBel614.HO	Ukrainian	pink
0.0041404508105257	0.0092626773449264	112657	UkrLv237.HO	Ukrainian	pink
-0.014951736969719	0.0003821727273978	112484	NA17373.HO	Greek	violet
-0.023757633603545	0.0012862834016075	112637	NA17374.HO	Greek	violet
-0.0167769864982306	0.0022246460479441	112660	NA17375.HO	Greek	violet
-0.021172662248672	0.000712868787481	112626	NA17376.HO	Greek	violet
-0.011470389144994	0.0013134912438922	112714	NA17377.HO	Greek	violet
-0.017010151214858	0.0026232967110707	112566	NA17370.HO	Greek	violet
-0.0201681887941205	-0.0008890700130679	112662	NA17371.HO	Greek	violet
-0.0121991444739687	0.0001882027504602	112706	NA17372.HO	Greek	violet
-0.011764879958832	0.0030582190512754	112034	GREEKGRALPOP18.HO	Greek	violet
-0.013039849697193	0.0007074220409936	112400	GREEKGRALPOP13.HO	Greek	violet
-0.0129735376685186	-0.0012539337297729	112361	GREEKGRALPOP15.HO	Greek	violet
-0.0139280459193699	-8.522166488080267e-05	112372	GREEKGRALPOP5.HO	Greek	violet
-0.0100168927175215	-0.0019001750681209	112448	GREEKGRALPOP9.HO	Greek	violet
-0.0174883101245949	0.0001160050050888	112519	GREEKGRALPOP4.HO	Greek	violet
-0.0145196482508035	-0.0002827950734149	112538	GREEKGRALPOP17.HO	Greek	violet
-0.0123335374581503	-0.0014920954499686	112577	GREEKGRALPOP16.HO	Greek	violet
-0.0104185674917259	0.0016726835659331	112543	GREEKGRALPOP11.HO	Greek	violet
-0.0115347176178588	0.0031342490466881	112549	GREEKGRALPOP10.HO	Greek	violet
-0.0111672454392736	0.0022556757364168	112592	GREEKGRALPOP3.HO	Greek	violet
-0.0131181818171728	0.0006669720825707	112564	GREEKGRALPOP8.HO	Greek	violet
-0.0121495388988161	0.0018758731886616	112656	GREEKGRALPOP12.HO	Greek	violet
-0.0122458478768655	0.0015203606937524	112665	GREEKGRALPOP14.HO	Greek	violet
-0.0013362589433719	0.0015773926512418	112730	hungary3.HO	Hungarian	magenta
-0.0005321190801939	0.0026192809888372	112712	hungary6.HO	Hungarian	magenta
0.0031706627300088	0.0039141669871822	112691	HungarianC5.HO	Hungarian	magenta
0.0016791124065455	0.0027330273602494	112452	hungary7.HO	Hungarian	magenta
0.0001964043199601	-0.0008039795958718	112729	HungarianE5.HO	Hungarian	magenta
0.0030859029338388	0.0017510931790495	112680	HungarianH3.HO	Hungarian	magenta
0.0009587088046334	-0.000702738317526	112718	hungary15.HO	Hungarian	magenta
0.0031316046462321	0.0012990291694502	112734	hungary20.HO	Hungarian	magenta
0.0023196617591689	0.0022398942718369	112746	hungary2.HO	Hungarian	magenta
-0.0043403121336609	-0.001085290920144	112697	HungarianD1.HO	Hungarian	magenta
0.0060485008954047	-0.0017968644175492	112661	NA15202.HO	Hungarian	magenta
0.0024407842680872	0.0019916064146658	112722	NA15203.HO	Hungarian	magenta
-8.107121897919283e-05	0.0034210249883111	112710	NA15204.HO	Hungarian	magenta
0.0019017940781966	0.0012856212267728	112627	NA15205.HO	Hungarian	magenta
-0.0003917553437457	-0.0045435450584401	112612	NA15206.HO	Hungarian	magenta
0.0035712960825245	-0.0021864488067897	112535	NA15199.HO	Hungarian	magenta
0.000474405488808	-0.0007953733161361	112683	NA15207.HO	Hungarian	magenta
0.0050855472390939	0.0029494418632437	112564	NA15200.HO	Hungarian	magenta
0.0010682379321088	0.004591347723352	112669	NA15208.HO	Hungarian	magenta
0.0035330674811104	0.005013173855697	112587	NA15201.HO	Hungarian	magenta
0.0050336728007233	-0.0146313336363109	112487	HGDP00794.HO	Orcadian	black
0.0049602893299243	-0.0117590248931543	111979	HGDP00796.HO	Orcadian	black
0.0074629208362018	-0.0097225828640871	112597	HGDP00797.HO	Orcadian	black
0.0063946666610394	-0.0100967297476651	112600	HGDP00798.HO	Orcadian	black
0.0088759902917629	-0.0089375536233269	112081	HGDP00799.HO	Orcadian	black
0.0060819275027786	-0.0153361863817399	112573	HGDP00800.HO	Orcadian	black
0.0042639699864278	-0.0112191299041656	112370	HGDP00802.HO	Orcadian	black
0.0068688711945884	-0.0116250966532902	112252	HGDP00803.HO	Orcadian	black
0.0064910011193671	-0.011757076159285	112659	HGDP00805.HO	Orcadian	black
0.0090917298194952	-0.0122348557068678	112736	HGDP00806.HO	Orcadian	black
0.0060358228123546	-0.010696217300916	112755	HGDP00807.HO	Orcadian	black
0.0089879877601129	-0.012606649606957	112724	HGDP00808.HO	Orcadian	black
0.0049375687392337	-0.0101954724760718	112444	HGDP00810.HO	Orcadian	black
0.0132338378309069	-0.0095772781755582	112166	NOR119.HO	Norwegian	saddlebrown
0.0095853422334092	-0.007740210199603	112120	NOR124.HO	Norwegian	saddlebrown
0.0075961228801476	-0.0069181753920653	112384	NOR106.HO	Norwegian	saddlebrown
0.0079693951237558	-0.0030551877861063	112398	NOR101.HO	Norwegian	saddlebrown
0.0096759941006081	-0.0050147828078208	112464	NOR146.HO	Norwegian	saddlebrown
0.0076317678625251	-0.0084573068535531	112487	NOR108.HO	Norwegian	saddlebrown
0.0109215930770851	-0.003722342354686	112498	NOR126.HO	Norwegian	saddlebrown
0.0115778536218856	-0.0059277958569196	112531	NOR107.HO	Norwegian	saddlebrown
0.0113275155558253	-0.0078743508163991	112536	NOR109.HO	Norwegian	saddlebrown
0.0078732651970299	-0.0041523912649707	112579	NOR148.HO	Norwegian	saddlebrown
0.0107638853164206	-0.006083255075211	112638	NOR111.HO	Norwegian	saddlebrown
0.0109264455792668	-0.0078720465088494	112535	NA15762.HO	Icelandic	dimgray
0.0135595785749359	-0.0086073353069203	112682	NA15755.HO	Icelandic	dimgray
0.010240532528807	-0.010125180773941	112559	NA15763.HO	Icelandic	dimgray
0.0066765354968285	-0.0073370291708501	112645	NA15756.HO	Icelandic	dimgray
0.0111212026118038	-0.0068458479148312	112583	NA15764.HO	Icelandic	dimgray
0.0112971939372758	-0.0067033533935887	112685	NA15757.HO	Icelandic	dimgray
0.0127195682657372	-0.0064183000588449	112572	NA15765.HO	Icelandic	dimgray
0.0086508225516849	-0.0048990624631064	112711	NA15758.HO	Icelandic	dimgray
0.0096921369297475	-0.0091755758470517	112666	NA15766.HO	Icelandic	dimgray
0.0084586677483831	-0.0067959684091658	112712	NA15759.HO	Icelandic	dimgray
0.0095833126389106	-0.0081186386535815	112578	NA15760.HO	Icelandic	dimgray
0.0107537543059109	-0.0066101047156831	112666	NA15761.HO	Icelandic	dimgray
0.0031650447137207	-0.0109128591943569	112713	HG00128.HO	English	silver
0.0085111682968273	-0.0083826201649475	112569	HG00129.HO	English	silver
0.0089560511905672	-0.010475545779818	112733	HG00130.HO	English	silver
0.0038048700091812	-0.0075588047284029	112620	HG00131.HO	English	silver
0.0038023159193449	-0.0135086751224005	112725	HG00233.HO	English	silver
0.0034806270882529	-0.0112701315332996	112672	HG00234.HO	English	silver
0.00642475995462	-0.012362443465544	112704	HG00232.HO	English	silver
0.0050299363273101	-0.0053061976838087	112761	HG00231.HO	English	silver
0.006740657843677	-0.0097821139320138	112768	HG00126.HO	English	silver
0.0060724896756793	-0.0109307958013801	112744	HG00160.HO	English	silver
-0.0030373676016623	0.0028293546168354	111812	CRO53.HO	Croatian	royalblue
0.0002047055368166	0.0052841197430822	112199	CRO103.HO	Croatian	royalblue
-0.0038577906087943	0.0036375063075294	112165	CRO107.HO	Croatian	royalblue
-0.0001693829385143	0.0013165147097529	112359	CRO47.HO	Croatian	royalblue
-0.0018183480332996	-0.0015477323042054	112443	CRO41.HO	Croatian	royalblue
-0.0025464154496729	0.0018071323567657	112468	CRO66.HO	Croatian	royalblue
-0.0042254572105353	0.0006122164140183	112550	CRO153.HO	Croatian	royalblue
0.0012827686636304	0.0022325177318514	112553	CRO31.HO	Croatian	royalblue
-0.0003179034373241	0.0006688818989475	112584	CRO93.HO	Croatian	royalblue
-0.0037374892495692	0.0016109749835976	112627	CRO48.HO	Croatian	royalblue
0.0038022519014178	0.0001217962033953	112635	NA15725.HO	Czech	aqua
0.0059168774485862	0.0020238487480997	112643	NA15733.HO	Czech	aqua
0.0005252844652496	-0.0019033261374521	112603	NA15726.HO	Czech	aqua
0.0044475303918429	0.0012229688304691	112613	NA15727.HO	Czech	aqua
0.0036194017984633	-0.0001506904818844	112532	NA15728.HO	Czech	aqua
0.0047398239971108	0.0019106163644231	112736	NA15729.HO	Czech	aqua
0.003224866373668	-0.0009518604640761	112712	NA15730.HO	Czech	aqua
0.0040411007598393	0.0027220398701905	112655	NA15731.HO	Czech	aqua
0.0077685255488487	0.0014461181627016	112612	NA15724.HO	Czech	aqua
0.0072961632398176	0.0001956309911756	112676	NA15732.HO	Czech	aqua
0.0080421516392722	-0.0109979583443805	112463	HG00103.HO	Scottish	ivory
0.0048791374872259	-0.0120994241573329	112657	HG00104.HO	Scottish	ivory
0.0061453283615182	-0.0148613571090263	112647	HG00105.HO	Scottish	ivory
0.0111061894059628	-0.0096036369872871	112705	HG00106.HO	Scottish	ivory
-0.0113855296611913	0.0030774141298206	112361	ALB191.HO	Albanian	plum
-0.0112268085897355	-0.001448619126552	112503	ALB213.HO	Albanian	plum
-0.0116978836652335	-0.0014783591545312	112651	ALB202.HO	Albanian	plum
-0.0168775040936463	-0.0001352566829157	112674	ALB212.HO	Albanian	plum
-0.0143116621587639	0.0012663506533073	112687	ALB220.HO	Albanian	plum
-0.0137540059374427	0.0028860500664463	112722	ALB230.HO	Albanian	plum
-0.0052862519607052	0.0021277813121133	107913	BulgarianD6.HO	Bulgarian	fuchsia
-0.0051863603852084	0.0066060083975106	112595	BulgarianA4.HO	Bulgarian	fuchsia
-0.0032935477237879	-4.057264975899435e-05	112669	BulgarianE2.HO	Bulgarian	fuchsia
-0.009983531689435	0.0070533896696184	111923	BulgarianB4.HO	Bulgarian	fuchsia
-0.0064898527772878	0.0035474515320719	111550	BulgarianA1.HO	Bulgarian	fuchsia
-0.0069667833441186	0.0031332122433746	112694	BulgarianB1.HO	Bulgarian	fuchsia
-0.0139150802101221	0.0026539420260547	112547	BulgarianC1.HO	Bulgarian	fuchsia
-0.0069821457428512	0.0055111894901249	112747	BulgarianF1.HO	Bulgarian	fuchsia
-0.0066912753799799	0.0014465923608145	112733	BulgarianH2.HO	Bulgarian	fuchsia
-0.0038832699348666	0.0012616036094858	112645	BulgarianF2.HO	Bulgarian	fuchsia
